Date,obs,sim,
1/2/2011,2.46,4.183,
1/3/2011,2.4,4.186,
1/4/2011,0.82,3.897,
1/5/2011,2.42,3.595,
1/6/2011,2.2,3.715,
1/7/2011,2.42,3.945,
1/8/2011,2.22,3.974,
1/9/2011,3.13,3.524,
1/10/2011,1.94,3.787,
1/11/2011,3.19,3.871,
1/12/2011,0,3.432,
1/13/2011,3.56,3.832,
1/14/2011,3.09,3.822,
1/15/2011,0,3.261,
1/16/2011,3.24,3.503,
1/17/2011,0,3.586,
1/18/2011,3.13,3.64,
1/19/2011,0,3.536,
1/20/2011,3.48,3.5,
1/21/2011,3.53,3.584,
1/22/2011,2.86,3.624,
1/23/2011,3.4,3.843,
1/24/2011,0,3.44,
1/25/2011,0.01,3.65,
1/26/2011,0,3.303,
1/27/2011,3.54,3.301,
1/28/2011,0.05,3.306,
1/29/2011,3.48,3.071,
1/30/2011,3.6,3.096,
1/31/2011,0.23,3.131,
2/1/2011,0.2,3.588,
2/2/2011,3.27,3.475,
2/3/2011,0.06,3.517,
2/4/2011,0.19,3.401,
2/5/2011,7.08,3.6,
2/6/2011,0.18,3.515,
2/7/2011,0.28,3.621,
2/8/2011,3.6,3.651,
2/9/2011,0.16,3.366,
2/10/2011,3.82,3.635,
2/11/2011,7.11,3.632,
2/12/2011,3.73,2.953,
2/13/2011,3.66,3.609,
2/14/2011,0.54,3.636,
2/15/2011,3.78,3.516,
2/16/2011,3.84,3.564,
2/17/2011,3.89,3.807,
2/18/2011,7.14,3.618,
2/19/2011,0.53,3.363,
2/20/2011,4.21,3.137,
2/21/2011,3.93,3.26,
2/22/2011,3.97,3.439,
2/23/2011,7.46,3.402,
2/24/2011,4.13,2.953,
2/25/2011,4.09,2.703,
2/26/2011,4.01,3.138,
2/27/2011,27.3,19.06,
2/28/2011,30.71,10.3,
3/1/2011,30.69,7.325,
3/2/2011,13.91,4.559,
3/3/2011,17.32,3.797,
3/4/2011,6.4,3.267,
3/5/2011,6.52,3.197,
3/6/2011,6.58,2.952,
3/7/2011,9.72,2.427,
3/8/2011,6.49,2.249,
3/9/2011,6.52,2.231,
3/10/2011,6.48,2.423,
3/11/2011,3.01,2.371,
3/12/2011,3.07,2.659,
3/13/2011,6.35,3.985,
3/14/2011,3.27,5.428,
3/15/2011,6.56,3.288,
3/16/2011,9.92,2.341,
3/17/2011,9.76,2.962,
3/18/2011,3.18,2.967,
3/19/2011,9.87,2.13,
3/20/2011,13.27,20.89,
3/21/2011,9.97,12.61,
3/22/2011,9.73,3.41,
3/23/2011,9.89,2.253,
3/24/2011,9.89,2.916,
3/25/2011,10.19,2.273,
3/26/2011,9.93,2.489,
3/27/2011,9.85,2.294,
3/28/2011,6.57,2.08,
3/29/2011,6.61,1.953,
3/30/2011,6.65,1.373,
3/31/2011,6.73,1.95,
4/1/2011,8.47,1.407,
4/2/2011,8.49,2.161,
4/3/2011,11.77,2.059,
4/4/2011,5.89,1.647,
4/5/2011,11.79,1.811,
4/6/2011,8.46,1.743,
4/7/2011,11.83,5.395,
4/8/2011,18.27,4.456,
4/9/2011,34.71,2.8,
4/10/2011,28.1,1.651,
4/11/2011,24.83,3.229,
4/12/2011,21.6,1.843,
4/13/2011,21.54,1.243,
4/14/2011,18.32,1.494,
4/15/2011,15.48,1.014,
4/16/2011,15.04,1.261,
4/17/2011,11.79,1.32,
4/18/2011,8.49,1.997,
4/19/2011,8.56,1.814,
4/20/2011,8.47,1.262,
4/21/2011,11.68,1.611,
4/22/2011,18.24,25.88,
4/23/2011,21.68,9.394,
4/24/2011,31.41,3.116,
4/25/2011,28.18,1.775,
4/26/2011,28.21,9.068,
4/27/2011,28.2,14.1,
4/28/2011,28.33,13.77,
4/29/2011,28.26,3.416,
4/30/2011,41.61,93.92,
5/1/2011,184.76,99.67,
5/2/2011,135.98,67.33,
5/3/2011,75.48,39.3,
5/4/2011,48.09,22.03,
5/5/2011,37.88,7.673,
5/6/2011,30.99,3.947,
5/7/2011,27.5,1.793,
5/8/2011,20.68,1.154,
5/9/2011,20.6,5.508,
5/10/2011,180.7,196.4,
5/11/2011,819.65,305.2,
5/12/2011,401.83,227.4,
5/13/2011,165.48,143.2,
5/14/2011,100.48,89.37,
5/15/2011,64.76,57.17,
5/16/2011,52.16,32.96,
5/17/2011,36.01,17.17,
5/18/2011,28.19,6.224,
5/19/2011,27.19,1.913,
5/20/2011,24.59,2.693,
5/21/2011,26.15,24.22,
5/22/2011,34.7,14.62,
5/23/2011,22.55,5.863,
5/24/2011,21.85,2.662,
5/25/2011,16.02,2.211,
5/26/2011,17.06,3.925,
5/27/2011,19.66,3.48,
5/28/2011,11.52,2.201,
5/29/2011,12.7,1.598,
5/30/2011,11.92,1.878,
5/31/2011,13.71,2.774,
6/1/2011,23.1,23.09,
6/2/2011,17.92,9.313,
6/3/2011,15.88,3.867,
6/4/2011,11.76,2.734,
6/5/2011,12.8,1.916,
6/6/2011,7.32,1.963,
6/7/2011,7.88,1.314,
6/8/2011,7.39,1.176,
6/9/2011,6.53,1.224,
6/10/2011,5.63,2.696,
6/11/2011,10.06,1.117,
6/12/2011,7.01,1.437,
6/13/2011,6.76,3.109,
6/14/2011,11.56,1.62,
6/15/2011,11.82,1.583,
6/16/2011,7.07,0.9542,
6/17/2011,9.79,1.477,
6/18/2011,4.18,2.611,
6/19/2011,8.21,1.026,
6/20/2011,6.75,1.896,
6/21/2011,6.08,0.9599,
6/22/2011,13.28,23.05,
6/23/2011,23.92,39.24,
6/24/2011,914,807.9,
6/25/2011,1476.95,606.4,
6/26/2011,1038.03,545.7,
6/27/2011,594.27,377.9,
6/28/2011,211.4,244.4,
6/29/2011,113.77,202.8,
6/30/2011,126.59,156.9,
7/1/2011,111.06,106.9,
7/2/2011,71.62,70.31,
7/3/2011,190.52,300.9,
7/4/2011,405.24,213.5,
7/5/2011,162.91,134,
7/6/2011,89.04,88.15,
7/7/2011,60.29,60.83,
7/8/2011,190.13,203.5,
7/9/2011,311.15,219.2,
7/10/2011,405.25,315.4,
7/11/2011,472.03,263.4,
7/12/2011,338.14,241.3,
7/13/2011,247.78,225.5,
7/14/2011,183.95,195.1,
7/15/2011,140.1,142.1,
7/16/2011,94.35,96.47,
7/17/2011,66.29,62.96,
7/18/2011,46.82,36.69,
7/19/2011,36.99,34.6,
7/20/2011,27.64,22.72,
7/21/2011,24.62,12.29,
7/22/2011,19.41,8.058,
7/23/2011,19.49,11.75,
7/24/2011,41.74,70.05,
7/25/2011,95.98,86.68,
7/26/2011,70.96,66.14,
7/27/2011,124.9,157.9,
7/28/2011,276.68,125.4,
7/29/2011,120.64,85.18,
7/30/2011,78.75,65.88,
7/31/2011,65.2,45.82,
8/1/2011,51.52,60.69,
8/2/2011,119.01,165.1,
8/3/2011,198.7,125.5,
8/4/2011,129.99,80.25,
8/5/2011,82.33,48.72,
8/6/2011,52.11,33.15,
8/7/2011,40.77,16.85,
8/8/2011,64.81,61.25,
8/9/2011,71.05,94.74,
8/10/2011,65.83,84.05,
8/11/2011,53.53,53.32,
8/12/2011,62.33,64.09,
8/13/2011,74.1,46.03,
8/14/2011,53.18,28.85,
8/15/2011,33.18,16.29,
8/16/2011,48.95,104.5,
8/17/2011,131.92,228,
8/18/2011,692.93,288.8,
8/19/2011,289.9,210.5,
8/20/2011,160.89,154.7,
8/21/2011,96.97,101.6,
8/22/2011,71.42,69.8,
8/23/2011,47.97,45.47,
8/24/2011,46.19,29.76,
8/25/2011,39.46,17.59,
8/26/2011,23.33,10.83,
8/27/2011,28.7,5.884,
8/28/2011,23.38,4.967,
8/29/2011,23.31,4.617,
8/30/2011,18.03,31.31,
8/31/2011,23.55,18.45,
9/1/2011,13.63,8.674,
9/2/2011,13.59,6.569,
9/3/2011,8.6,5.706,
9/4/2011,16.12,6.976,
9/5/2011,13.66,9.449,
9/6/2011,18.86,5.633,
9/7/2011,8.62,5.565,
9/8/2011,9.84,6.221,
9/9/2011,10.38,6.841,
9/10/2011,24.62,49.7,
9/11/2011,172.84,229.7,
9/12/2011,218.25,204.4,
9/13/2011,161.67,138.4,
9/14/2011,87.94,89.74,
9/15/2011,53.01,59.28,
9/16/2011,45.4,38.77,
9/17/2011,34.7,24.62,
9/18/2011,29.38,17.87,
9/19/2011,18.66,11.58,
9/20/2011,18.94,5.649,
9/21/2011,18.95,5.051,
9/22/2011,13.42,4.973,
9/23/2011,13.54,4.947,
9/24/2011,13.63,5.029,
9/25/2011,8.4,5.101,
9/26/2011,13.63,4.818,
9/27/2011,3.32,4.709,
9/28/2011,13.72,6.014,
9/29/2011,13.92,8.568,
9/30/2011,8.8,5.745,
10/1/2011,9.54,5.745,
10/2/2011,9.54,5.591,
10/3/2011,9.35,5.405,
10/4/2011,3.94,5.329,
10/5/2011,3.51,5.341,
10/6/2011,4.81,4.746,
10/7/2011,8.93,5.048,
10/8/2011,5.08,5.289,
10/9/2011,4.53,5.868,
10/10/2011,4.56,5.327,
10/11/2011,4.54,5.011,
10/12/2011,8.51,5.612,
10/13/2011,0.25,4.903,
10/14/2011,10.84,7.137,
10/15/2011,9.83,7.624,
10/16/2011,4.71,5.612,
10/17/2011,4.66,4.46,
10/18/2011,4.85,5.17,
10/19/2011,4.8,5.241,
10/20/2011,4.73,5.022,
10/21/2011,9.85,6.923,
10/22/2011,55.48,58,
10/23/2011,30.07,43.36,
10/24/2011,20.02,26.93,
10/25/2011,14.57,13.44,
10/26/2011,9.78,6.879,
10/27/2011,9.84,5.861,
10/28/2011,8.52,5.795,
10/29/2011,4.73,6.015,
10/30/2011,9.63,5.824,
10/31/2011,9.62,5.287,
11/1/2011,4.77,5.493,
11/2/2011,4.86,5.477,
11/3/2011,9.96,4.912,
11/4/2011,4.81,4.969,
11/5/2011,14.91,8.539,
11/6/2011,10.07,11.27,
11/7/2011,4.96,9.025,
11/8/2011,9.81,7.127,
11/9/2011,4.89,6.32,
11/10/2011,10.26,5.448,
11/11/2011,4.84,5.846,
11/12/2011,10,5.435,
11/13/2011,4.98,5.274,
11/14/2011,4.77,4.557,
11/15/2011,9.76,4.962,
11/16/2011,4.97,5.06,
11/17/2011,4.88,5.718,
11/18/2011,14.99,9.22,
11/19/2011,4.94,7.4,
11/20/2011,4.9,4.983,
11/21/2011,4.83,5.071,
11/22/2011,4.93,5.767,
11/23/2011,4.65,6.012,
11/24/2011,4.83,4.809,
11/25/2011,4.96,5.097,
11/26/2011,4.83,5.471,
11/27/2011,5.02,5.43,
11/28/2011,0,5.706,
11/29/2011,9.9,5.49,
11/30/2011,19.84,53.55,
12/1/2011,14.88,40.33,
12/2/2011,14.9,24.41,
12/3/2011,19.9,38.41,
12/4/2011,19.92,25.47,
12/5/2011,24.93,14.16,
12/6/2011,17.16,7.728,
12/7/2011,17.02,6.326,
12/8/2011,12.09,5.332,
12/9/2011,12.13,5.208,
12/10/2011,6.98,4.886,
12/11/2011,12.07,4.898,
12/12/2011,7.1,5.187,
12/13/2011,12.11,5.288,
12/14/2011,7.17,5.238,
12/15/2011,6.3,3.701,
12/16/2011,7.2,4.454,
12/17/2011,7.08,4.769,
12/18/2011,2.27,4.925,
12/19/2011,2.21,4.857,
12/20/2011,7.16,5.063,
12/21/2011,7.18,5.22,
12/22/2011,3.08,4.235,
12/23/2011,2.45,4.835,
12/24/2011,2.58,4.698,
12/25/2011,2.7,4.257,
12/26/2011,2.32,4.392,
12/27/2011,2.41,5.065,
12/28/2011,2.59,5.103,
12/29/2011,7.33,4.84,
12/30/2011,2.49,5.065,
12/31/2011,7.35,4.937,
1/1/2012,2.36,4.711,
1/2/2012,5.76,4.879,
1/3/2012,0.76,4.923,
1/4/2012,0.72,4.361,
1/5/2012,5.48,4.524,
1/6/2012,0.65,4.773,
1/7/2012,5.64,4.913,
1/8/2012,0.93,4.695,
1/9/2012,5.53,4.574,
1/10/2012,5.58,4.575,
1/11/2012,0.88,4.224,
1/12/2012,1.29,4.568,
1/13/2012,1.02,4.687,
1/14/2012,0.86,4.366,
1/15/2012,5.66,4.766,
1/16/2012,1.1,4.911,
1/17/2012,0.99,5.108,
1/18/2012,5.8,4.9,
1/19/2012,5.9,4.84,
1/20/2012,10.58,4.57,
1/21/2012,0.93,4.854,
1/22/2012,5.46,3.976,
1/23/2012,1.12,3.996,
1/24/2012,5.88,4.269,
1/25/2012,1.11,4.195,
1/26/2012,1.41,4.56,
1/27/2012,1.22,4.872,
1/28/2012,1.78,4.362,
1/29/2012,5.92,4.059,
1/30/2012,1.38,3.619,
1/31/2012,5.86,4.699,
2/1/2012,1.67,4.297,
2/2/2012,1.76,4.493,
2/3/2012,1.75,4.698,
2/4/2012,1.76,4.597,
2/5/2012,1.68,4.727,
2/6/2012,1.88,4.711,
2/7/2012,1.92,3.883,
2/8/2012,1.76,4.104,
2/9/2012,1.65,4.25,
2/10/2012,2.03,4.308,
2/11/2012,2.94,4.062,
2/12/2012,2.3,4.513,
2/13/2012,0.13,4.552,
2/14/2012,2.18,4.393,
2/15/2012,0,4.12,
2/16/2012,3.85,3.374,
2/17/2012,4.32,3.592,
2/18/2012,4.42,3.816,
2/19/2012,3.77,3.975,
2/20/2012,0,4.236,
2/21/2012,4.1,4.34,
2/22/2012,0.19,4.378,
2/23/2012,4.54,3.929,
2/24/2012,5.04,3.924,
2/25/2012,4.34,4.244,
2/26/2012,0.09,4.262,
2/27/2012,0.15,4.172,
2/28/2012,4.25,4.282,
2/29/2012,4.41,4.219,
3/1/2012,6.48,3.816,
3/2/2012,2.32,4.254,
3/3/2012,2.23,3.926,
3/4/2012,6.67,4.136,
3/5/2012,11.02,7.523,
3/6/2012,4.27,6.66,
3/7/2012,3.09,5.158,
3/8/2012,3.16,4.572,
3/9/2012,7.95,4.113,
3/10/2012,3.71,3.985,
3/11/2012,3.89,2.959,
3/12/2012,3.36,1.629,
3/13/2012,4.1,3.279,
3/14/2012,4.04,3.314,
3/15/2012,5.87,3.131,
3/16/2012,8.38,5.313,
3/17/2012,8.21,5.66,
3/18/2012,12.63,4.328,
3/19/2012,12.61,3.588,
3/20/2012,8.16,2.944,
3/21/2012,11.55,2.716,
3/22/2012,13.88,3.036,
3/23/2012,9.74,7.984,
3/24/2012,16.37,4.933,
3/25/2012,12.63,3.336,
3/26/2012,13.12,2.805,
3/27/2012,10.28,2.452,
3/28/2012,9.83,2.891,
3/29/2012,8.89,3.064,
3/30/2012,38.46,46.84,
3/31/2012,74.74,31.89,
4/1/2012,54.4,16.2,
4/2/2012,34.59,19.23,
4/3/2012,102.95,85.56,
4/4/2012,148.57,66,
4/5/2012,83.56,39.36,
4/6/2012,56.72,22.33,
4/7/2012,37,10.46,
4/8/2012,39.99,2.311,
4/9/2012,27.67,8.955,
4/10/2012,27.64,18.71,
4/11/2012,31.77,14.45,
4/12/2012,23.77,2.91,
4/13/2012,31.84,3.314,
4/14/2012,23.1,2.364,
4/15/2012,22.73,2.197,
4/16/2012,14.34,1.708,
4/17/2012,19.58,2.01,
4/18/2012,15.67,2.232,
4/19/2012,11.04,2.399,
4/20/2012,11.53,2.305,
4/21/2012,35.44,72.41,
4/22/2012,132.42,71.7,
4/23/2012,133.11,47.21,
4/24/2012,71.99,26.04,
4/25/2012,64.26,46.1,
4/26/2012,68.08,26.79,
4/27/2012,51.74,11.35,
4/28/2012,35.79,3.446,
4/29/2012,35.64,4.072,
4/30/2012,27.2,1.891,
5/1/2012,23.4,2.345,
5/2/2012,19.63,3.021,
5/3/2012,32.09,3.364,
5/4/2012,16.41,1.67,
5/5/2012,16.1,1.115,
5/6/2012,13.45,1.101,
5/7/2012,7.84,1.389,
5/8/2012,9.07,2.154,
5/9/2012,5.66,1.649,
5/10/2012,13.67,2.665,
5/11/2012,2.91,2.692,
5/12/2012,8.77,2.097,
5/13/2012,5.79,2.373,
5/14/2012,17.66,13.35,
5/15/2012,14.71,5.834,
5/16/2012,14.66,3.117,
5/17/2012,7.07,3.87,
5/18/2012,11,2.792,
5/19/2012,6.78,2.519,
5/20/2012,3.46,1.355,
5/21/2012,8.84,1.257,
5/22/2012,6.7,1.275,
5/23/2012,6.75,1.626,
5/24/2012,6.71,1.857,
5/25/2012,3.26,1.465,
5/26/2012,6.41,1.358,
5/27/2012,3.65,1.165,
5/28/2012,9.81,2.158,
5/29/2012,4.32,2.382,
5/30/2012,3.69,3.423,
5/31/2012,7.25,6.797,
6/1/2012,8.23,2.113,
6/2/2012,10.76,2.032,
6/3/2012,7.31,1.291,
6/4/2012,4.96,1.23,
6/5/2012,2.63,1.15,
6/6/2012,2.44,1.226,
6/7/2012,6.34,1.727,
6/8/2012,6.53,6.727,
6/9/2012,5.34,3.888,
6/10/2012,2.18,2.367,
6/11/2012,3.55,2.968,
6/12/2012,4.06,1.579,
6/13/2012,1.03,1.671,
6/14/2012,4.72,1.619,
6/15/2012,4.69,4.546,
6/16/2012,6.63,2.715,
6/17/2012,3.33,1.592,
6/18/2012,2.12,2.68,
6/19/2012,2.75,1.826,
6/20/2012,3.14,1.559,
6/21/2012,0.31,11.82,
6/22/2012,9.81,5.671,
6/23/2012,3.08,2.676,
6/24/2012,2.33,2.095,
6/25/2012,1.6,2.187,
6/26/2012,2.38,1.323,
6/27/2012,2.36,2.112,
6/28/2012,2.84,1.43,
6/29/2012,0.03,1.166,
6/30/2012,20.82,53.95,
7/1/2012,10.33,35.12,
7/2/2012,13.47,17.24,
7/3/2012,4.75,4.173,
7/4/2012,8.13,1.329,
7/5/2012,11.2,9.628,
7/6/2012,248.71,425.5,
7/7/2012,385.2,281.2,
7/8/2012,120.1,164,
7/9/2012,63.62,126.7,
7/10/2012,48,87.05,
7/11/2012,36,71.57,
7/12/2012,30.91,45.92,
7/13/2012,30.75,42.71,
7/14/2012,36.38,37.44,
7/15/2012,421.23,522.6,
7/16/2012,669.22,329.1,
7/17/2012,208.33,197.7,
7/18/2012,114.4,149.1,
7/19/2012,83.14,153.1,
7/20/2012,107.87,114,
7/21/2012,74.09,74.39,
7/22/2012,55.18,50.77,
7/23/2012,41.64,30.39,
7/24/2012,31.08,14.39,
7/25/2012,27.21,3.051,
7/26/2012,23.62,1.118,
7/27/2012,19.68,0.94,
7/28/2012,16.17,0.9307,
7/29/2012,12.45,0.9189,
7/30/2012,12.34,0.9216,
7/31/2012,12.52,0.9201,
8/1/2012,6.35,0.8884,
8/2/2012,10.14,0.9606,
8/3/2012,10.23,0.9086,
8/4/2012,3.12,0.9038,
8/5/2012,6.73,0.8977,
8/6/2012,11.44,0.8818,
8/7/2012,3.34,0.8802,
8/8/2012,6.82,1.055,
8/9/2012,3.6,1.213,
8/10/2012,10.51,2.812,
8/11/2012,3.6,2.269,
8/12/2012,17.7,36.2,
8/13/2012,177.64,138.4,
8/14/2012,101.81,104.4,
8/15/2012,70.05,171.1,
8/16/2012,209.61,266.8,
8/17/2012,307.87,239.7,
8/18/2012,208.5,217.2,
8/19/2012,90.81,129.8,
8/20/2012,59.42,89.97,
8/21/2012,51.14,57.44,
8/22/2012,75.28,222.6,
8/23/2012,322.22,240.5,
8/24/2012,251.23,185.9,
8/25/2012,138.94,125.8,
8/26/2012,96.87,79.15,
8/27/2012,66.91,49.61,
8/28/2012,50.45,68.67,
8/29/2012,143.98,51.73,
8/30/2012,137,147.6,
8/31/2012,265.54,115,
9/1/2012,143.5,74.01,
9/2/2012,85.73,44.78,
9/3/2012,63.42,25.58,
9/4/2012,49.99,32.37,
9/5/2012,54.52,50.95,
9/6/2012,45.83,31.26,
9/7/2012,31.89,15.7,
9/8/2012,81.88,85.48,
9/9/2012,74.77,67.39,
9/10/2012,52.13,45.62,
9/11/2012,42.78,25.21,
9/12/2012,33.88,13.82,
9/13/2012,29.29,8.557,
9/14/2012,29.27,12.42,
9/15/2012,23.29,8.518,
9/16/2012,52.21,96.77,
9/17/2012,304.2,352,
9/18/2012,538.04,231.9,
9/19/2012,167.43,134.7,
9/20/2012,100.01,82.86,
9/21/2012,59.9,54.48,
9/22/2012,54.91,34.55,
9/23/2012,35.02,19.06,
9/24/2012,35.15,7.982,
9/25/2012,25.15,4.105,
9/26/2012,25.08,4.452,
9/27/2012,20.12,4.679,
9/28/2012,20.01,4.198,
9/29/2012,15.1,3.752,
9/30/2012,10.04,4.158,
10/1/2012,17,4.026,
10/2/2012,7.07,4.087,
10/3/2012,7.16,3.761,
10/4/2012,12.21,3.968,
10/5/2012,15.14,4.586,
10/6/2012,5.06,4.256,
10/7/2012,10.09,3.915,
10/8/2012,5.24,3.965,
10/9/2012,10.11,4.322,
10/10/2012,10.24,4.917,
10/11/2012,5.12,4.289,
10/12/2012,5.2,4.144,
10/13/2012,5.03,4.323,
10/14/2012,10.04,4.113,
10/15/2012,0.1,4.017,
10/16/2012,5.15,3.881,
10/17/2012,10.04,4.917,
10/18/2012,5.12,4.275,
10/19/2012,5.19,4.105,
10/20/2012,5.12,4.215,
10/21/2012,5.23,4.04,
10/22/2012,15.05,26.91,
10/23/2012,14.98,13.25,
10/24/2012,10.11,6.801,
10/25/2012,10.08,5.314,
10/26/2012,5.27,4.735,
10/27/2012,10.07,9.577,
10/28/2012,10.1,5.29,
10/29/2012,5.09,5.177,
10/30/2012,10.21,4.333,
10/31/2012,5.18,4.217,
11/1/2012,1.64,3.536,
11/2/2012,6.45,4.17,
11/3/2012,6.41,4.25,
11/4/2012,1.94,5.282,
11/5/2012,6.47,4.575,
11/6/2012,1.7,5.181,
11/7/2012,6.37,4.489,
11/8/2012,6.6,4.791,
11/9/2012,6.63,4.309,
11/10/2012,6.42,3.704,
11/11/2012,6.43,8.526,
11/12/2012,6.54,5.364,
11/13/2012,6.57,5.34,
11/14/2012,6.6,4.194,
11/15/2012,6.98,4.412,
11/16/2012,6.52,5.726,
11/17/2012,6.63,4.63,
11/18/2012,11.29,4.382,
11/19/2012,1.73,4.235,
11/20/2012,2.62,4.024,
11/21/2012,6.59,4.581,
11/22/2012,6.82,4.472,
11/23/2012,1.7,4.336,
11/24/2012,5.89,3.992,
11/25/2012,1.11,4.322,
11/26/2012,5.99,3.696,
11/27/2012,6.38,3.819,
11/28/2012,2,4.43,
11/29/2012,6.7,4.222,
11/30/2012,1.88,4.312,
12/1/2012,7.38,3.926,
12/2/2012,2.6,4.559,
12/3/2012,2.74,4.659,
12/4/2012,2.64,3.663,
12/5/2012,3.01,4.334,
12/6/2012,2.47,4.147,
12/7/2012,2.62,4.676,
12/8/2012,3.16,4.225,
12/9/2012,2.99,4.107,
12/10/2012,0,4.358,
12/11/2012,2.99,4.54,
12/12/2012,2.98,4.578,
12/13/2012,3.07,4.569,
12/14/2012,12.35,4.572,
12/15/2012,12.32,4.596,
12/16/2012,21.85,4.578,
12/17/2012,17.08,4.34,
12/18/2012,11.55,3.879,
12/19/2012,3.27,4.36,
12/20/2012,3.15,4.426,
12/21/2012,12.32,4.483,
12/22/2012,8,4.364,
12/23/2012,7.98,3.802,
12/24/2012,3.25,4.224,
12/25/2012,3.3,3.843,
12/26/2012,0,4.19,
12/27/2012,3.41,4.388,
12/28/2012,12.72,4.421,
12/29/2012,8.06,4.441,
12/30/2012,3.65,3.873,
12/31/2012,3.64,3.888,
1/1/2013,5.91,4.357,
1/2/2013,1.31,3.822,
1/3/2013,2.77,3.955,
1/4/2013,5.96,4.303,
1/5/2013,1.49,4.204,
1/6/2013,1.59,4.242,
1/7/2013,1.64,4.191,
1/8/2013,6.11,4.061,
1/9/2013,1.86,3.612,
1/10/2013,1.89,3.975,
1/11/2013,6.29,4.211,
1/12/2013,2,4.131,
1/13/2013,2.01,4.198,
1/14/2013,1.99,4.069,
1/15/2013,2.05,4.175,
1/16/2013,6.57,4.03,
1/17/2013,2.24,3.744,
1/18/2013,6.63,3.919,
1/19/2013,2.29,3.959,
1/20/2013,2.35,3.992,
1/21/2013,15.54,5.174,
1/22/2013,6.83,4.123,
1/23/2013,11.38,4.111,
1/24/2013,7.02,3.494,
1/25/2013,7.12,3.008,
1/26/2013,2.79,3.171,
1/27/2013,2.55,3.53,
1/28/2013,2.91,3.709,
1/29/2013,2.76,3.914,
1/30/2013,3.33,3.96,
1/31/2013,7.29,3.953,
2/1/2013,35.65,7.887,
2/2/2013,56.17,4.756,
2/3/2013,47.49,4.625,
2/4/2013,35.37,5.285,
2/5/2013,30.8,4.786,
2/6/2013,17.84,4.246,
2/7/2013,17.86,3.318,
2/8/2013,13.5,3.619,
2/9/2013,9.09,3.452,
2/10/2013,8.59,3.347,
2/11/2013,13.89,3.377,
2/12/2013,5.86,3.43,
2/13/2013,9.16,3.426,
2/14/2013,5.2,3.487,
2/15/2013,13.69,2.885,
2/16/2013,5.23,3.316,
2/17/2013,9.48,3.39,
2/18/2013,9.45,3.479,
2/19/2013,0.84,2.776,
2/20/2013,9.5,2.626,
2/21/2013,5.42,2.918,
2/22/2013,5.45,2.997,
2/23/2013,6.69,2.631,
2/24/2013,5.56,2.943,
2/25/2013,5.56,3.241,
2/26/2013,5.64,3.361,
2/27/2013,9.75,4.183,
2/28/2013,9.62,4.057,
3/1/2013,9.91,3.634,
3/2/2013,5.79,3.489,
3/3/2013,9.96,3.165,
3/4/2013,5.97,3.131,
3/5/2013,5.95,2.839,
3/6/2013,6.01,3.427,
3/7/2013,5.94,4.716,
3/8/2013,10.16,9.253,
3/9/2013,6.12,22.34,
3/10/2013,17.39,11.31,
3/11/2013,14.09,7.743,
3/12/2013,19.29,5.255,
3/13/2013,26.4,30.47,
3/14/2013,34.56,19.57,
3/15/2013,34.59,7.915,
3/16/2013,26.31,3.437,
3/17/2013,22.31,4.205,
3/18/2013,58.84,62.45,
3/19/2013,67.05,47.16,
3/20/2013,55.14,45.76,
3/21/2013,46.91,29.74,
3/22/2013,41.11,16.28,
3/23/2013,30.74,7.086,
3/24/2013,30.95,2.932,
3/25/2013,22.67,2.669,
3/26/2013,22.7,2.792,
3/27/2013,22.65,2.17,
3/28/2013,18.67,2.126,
3/29/2013,14.51,1.835,
3/30/2013,14.68,2.694,
3/31/2013,14.73,2.768,
4/1/2013,10.64,2.637,
4/2/2013,14.71,2.581,
4/3/2013,10.74,2.337,
4/4/2013,14.61,11.23,
4/5/2013,10.91,26.84,
4/6/2013,39.36,74.21,
4/7/2013,47.26,56.3,
4/8/2013,31,32.26,
4/9/2013,30.96,14.01,
4/10/2013,23.01,5.861,
4/11/2013,22.94,2.624,
4/12/2013,22.87,2.28,
4/13/2013,11.12,1.778,
4/14/2013,19.11,11.83,
4/15/2013,14.97,7.052,
4/16/2013,13.9,22.4,
4/17/2013,13.95,18.45,
4/18/2013,14.01,5.655,
4/19/2013,13.97,1.799,
4/20/2013,17.93,14.27,
4/21/2013,17.93,4.877,
4/22/2013,9.96,2.723,
4/23/2013,26.46,12.45,
4/24/2013,25.83,14.27,
4/25/2013,30.49,18.26,
4/26/2013,30.01,11.65,
4/27/2013,31.05,3.27,
4/28/2013,23.26,2.187,
4/29/2013,17.72,4.399,
4/30/2013,26.02,2.071,
5/1/2013,19.17,2.869,
5/2/2013,15.1,3.266,
5/3/2013,19.07,2.84,
5/4/2013,19.43,1.616,
5/5/2013,11.33,1.061,
5/6/2013,11.18,1.024,
5/7/2013,7.24,1.048,
5/8/2013,15.28,1.403,
5/9/2013,9.75,1.892,
5/10/2013,22.4,9.42,
5/11/2013,14.84,3.656,
5/12/2013,11.16,1.909,
5/13/2013,10.97,1.358,
5/14/2013,11.2,1.508,
5/15/2013,7.65,1.037,
5/16/2013,8.69,1.01,
5/17/2013,4.96,1.468,
5/18/2013,8.63,1.736,
5/19/2013,27.99,35.59,
5/20/2013,20.19,17.67,
5/21/2013,20.19,4.487,
5/22/2013,20.06,3.005,
5/23/2013,12.46,1.719,
5/24/2013,12.66,1.335,
5/25/2013,12.7,1.258,
5/26/2013,8.94,1.517,
5/27/2013,24.08,36.12,
5/28/2013,96.38,100.5,
5/29/2013,124.08,76.29,
5/30/2013,74.5,42.44,
5/31/2013,51.33,23.48,
6/1/2013,38.37,13.27,
6/2/2013,26.83,1.886,
6/3/2013,19.03,1.408,
6/4/2013,22.94,1.221,
6/5/2013,11.41,1.21,
6/6/2013,11.55,1.847,
6/7/2013,19.32,1.447,
6/8/2013,15.89,1.564,
6/9/2013,12.21,0.9388,
6/10/2013,8.69,0.9169,
6/11/2013,12.41,3.538,
6/12/2013,10.78,4.495,
6/13/2013,14.48,3.018,
6/14/2013,18.13,4.062,
6/15/2013,11.22,2.149,
6/16/2013,11.53,1.203,
6/17/2013,8.11,0.9534,
6/18/2013,215.69,321.2,
6/19/2013,528.89,226.9,
6/20/2013,180.98,141.5,
6/21/2013,93.99,114.1,
6/22/2013,70.18,77.33,
6/23/2013,62.16,53.78,
6/24/2013,54.2,31.88,
6/25/2013,37.68,15.14,
6/26/2013,26.16,6.074,
6/27/2013,29.94,7.38,
6/28/2013,25.95,4.381,
6/29/2013,13.97,2.405,
6/30/2013,18.09,2.22,
7/1/2013,14.89,2.201,
7/2/2013,19.15,12.11,
7/3/2013,27.11,52.04,
7/4/2013,23.05,44.07,
7/5/2013,103.13,174.1,
7/6/2013,83.56,117.5,
7/7/2013,51.3,73.86,
7/8/2013,39.23,47.79,
7/9/2013,31.07,27.74,
7/10/2013,27.06,13.95,
7/11/2013,23.12,6.401,
7/12/2013,14.94,3.477,
7/13/2013,18.94,33.7,
7/14/2013,43.46,196.7,
7/15/2013,170.46,222.5,
7/16/2013,244.14,154.9,
7/17/2013,107.75,102.9,
7/18/2013,74.48,89.04,
7/19/2013,134.84,65.12,
7/20/2013,79.45,40.76,
7/21/2013,57.82,25.4,
7/22/2013,49.28,51.93,
7/23/2013,79.86,64.8,
7/24/2013,73.05,44.76,
7/25/2013,51.27,25.46,
7/26/2013,47,12.98,
7/27/2013,29.44,4.54,
7/28/2013,33.54,4.414,
7/29/2013,24.64,2.369,
7/30/2013,24.8,3.508,
7/31/2013,20.44,7.372,
8/1/2013,18.23,4.49,
8/2/2013,35.99,15.6,
8/3/2013,27.18,33.47,
8/4/2013,35.94,25.98,
8/5/2013,22.91,16.65,
8/6/2013,19.73,16.97,
8/7/2013,23,8.388,
8/8/2013,18.99,4.78,
8/9/2013,10.53,3.11,
8/10/2013,19.21,12.73,
8/11/2013,14.75,5.051,
8/12/2013,15.04,2.694,
8/13/2013,6.57,2.116,
8/14/2013,11.04,1.894,
8/15/2013,6.8,1.838,
8/16/2013,6.88,1.667,
8/17/2013,7.17,1.37,
8/18/2013,3.06,1.575,
8/19/2013,3.31,1.651,
8/20/2013,3.45,1.345,
8/21/2013,3.66,2.691,
8/22/2013,7.89,4.032,
8/23/2013,28.66,24.92,
8/24/2013,16.51,14.1,
8/25/2013,8.79,7.575,
8/26/2013,4.64,4.974,
8/27/2013,8.89,3.499,
8/28/2013,4.88,2.941,
8/29/2013,5.14,10.08,
8/30/2013,13.29,4.077,
8/31/2013,13.44,2.587,
9/1/2013,5.54,2.21,
9/2/2013,5.21,2.365,
9/3/2013,9.34,3.713,
9/4/2013,2.58,2.435,
9/5/2013,2.99,3.018,
9/6/2013,7.44,4.114,
9/7/2013,3.13,3.554,
9/8/2013,7.14,2.604,
9/9/2013,3.59,2.657,
9/10/2013,3.01,3.148,
9/11/2013,14.22,33.16,
9/12/2013,14.54,24.83,
9/13/2013,10.62,13.9,
9/14/2013,38.44,95.46,
9/15/2013,42.02,67.81,
9/16/2013,30.49,39.54,
9/17/2013,15.32,22.08,
9/18/2013,11.8,8.647,
9/19/2013,4.04,3.608,
9/20/2013,8.25,3.282,
9/21/2013,7.21,2.712,
9/22/2013,8.25,3.145,
9/23/2013,4.65,2.332,
9/24/2013,7.97,4.361,
9/25/2013,11.5,3.009,
9/26/2013,4.67,2.779,
9/27/2013,4.6,2.804,
9/28/2013,8.15,6.18,
9/29/2013,39.78,188.2,
9/30/2013,238.73,189.3,
10/1/2013,109.88,132.2,
10/2/2013,57.22,86.96,
10/3/2013,38.03,54.24,
10/4/2013,30.85,33.46,
10/5/2013,22.84,19.36,
10/6/2013,18.87,12.02,
10/7/2013,14.52,5.176,
10/8/2013,38.17,81.84,
10/9/2013,57.62,64.11,
10/10/2013,61.82,53.82,
10/11/2013,46.04,29.04,
10/12/2013,30.72,13.39,
10/13/2013,26.7,5.831,
10/14/2013,18.99,4.511,
10/15/2013,19.15,4.188,
10/16/2013,14.97,3.598,
10/17/2013,11.01,3.665,
10/18/2013,11.11,3.372,
10/19/2013,11.19,3.51,
10/20/2013,11.01,3.321,
10/21/2013,7.12,3.258,
10/22/2013,11.15,3.433,
10/23/2013,7.24,3.119,
10/24/2013,7.17,3.298,
10/25/2013,7.24,2.911,
10/26/2013,7.13,3.222,
10/27/2013,7.24,3.349,
10/28/2013,3.17,3.588,
10/29/2013,3.15,3.394,
10/30/2013,6.97,3.11,
10/31/2013,6.94,3.413,
11/1/2013,5.42,3.366,
11/2/2013,5.39,4.058,
11/3/2013,5.43,3.963,
11/4/2013,5.45,3.586,
11/5/2013,9.23,3.495,
11/6/2013,1.45,4.114,
11/7/2013,1.66,2.886,
11/8/2013,9.27,3.438,
11/9/2013,9.23,7.508,
11/10/2013,9.21,4.763,
11/11/2013,5.56,3.91,
11/12/2013,1.65,3.648,
11/13/2013,5.5,3.748,
11/14/2013,5.48,4.042,
11/15/2013,5.61,3.424,
11/16/2013,5.58,3.587,
11/17/2013,1.77,3.017,
11/18/2013,2.08,2.523,
11/19/2013,1.84,2.637,
11/20/2013,5.68,2.666,
11/21/2013,1.85,3.069,
11/22/2013,1.78,3.094,
11/23/2013,5.69,3.293,
11/24/2013,9.55,4.83,
11/25/2013,11.86,23.77,
11/26/2013,16.96,13.42,
11/27/2013,16.99,6.32,
11/28/2013,9.69,4.462,
11/29/2013,5.9,3.966,
11/30/2013,9.46,4.015,
12/1/2013,4.31,3.888,
12/2/2013,4.95,3.847,
12/3/2013,8.55,3.823,
12/4/2013,8.42,3.775,
12/5/2013,8.51,3.832,
12/6/2013,4.89,3.171,
12/7/2013,4.92,3.597,
12/8/2013,8.51,3.774,
12/9/2013,4.96,4.977,
12/10/2013,12.08,3.961,
12/11/2013,12.22,3.477,
12/12/2013,8.46,3.482,
12/13/2013,8.52,3.128,
12/14/2013,8.56,3.39,
12/15/2013,8.55,3.134,
12/16/2013,8.51,3.687,
12/17/2013,5.05,3.59,
12/18/2013,8.65,3.474,
12/19/2013,8.62,3.116,
12/20/2013,5.1,3.16,
12/21/2013,5.18,3.464,
12/22/2013,8.65,3.621,
12/23/2013,5.02,3.566,
12/24/2013,5.08,3.603,
12/25/2013,5.12,3.608,
12/26/2013,8.59,3.172,
12/27/2013,5.16,2.917,
12/28/2013,5.08,2.994,
12/29/2013,1.7,3.148,
12/30/2013,9.26,3.046,
12/31/2013,5.29,3.113,
1/1/2014,4.13,2.496,
1/2/2014,7.67,2.835,
1/3/2014,4.36,3.43,
1/4/2014,4.32,3.415,
1/5/2014,7.74,3.266,
1/6/2014,0.8,3.451,
1/7/2014,7.78,3.371,
1/8/2014,3.71,3.163,
1/9/2014,3.75,2.575,
1/10/2014,3.72,3.063,
1/11/2014,0.36,3.182,
1/12/2014,3.7,2.966,
1/13/2014,3.67,2.973,
1/14/2014,3.65,3.216,
1/15/2014,3.9,3.077,
1/16/2014,0.35,3.232,
1/17/2014,3.66,3.33,
1/18/2014,3.8,2.784,
1/19/2014,7.2,3.23,
1/20/2014,0.38,3.166,
1/21/2014,3.87,2.928,
1/22/2014,3.79,3.087,
1/23/2014,3.79,3.258,
1/24/2014,3.46,3.158,
1/25/2014,4.23,3.214,
1/26/2014,4.25,2.855,
1/27/2014,4.27,2.981,
1/28/2014,4.32,2.562,
1/29/2014,7.16,2.996,
1/30/2014,0.81,2.662,
1/31/2014,8.15,2.855,
2/1/2014,3.87,2.819,
2/2/2014,4.75,2.928,
2/3/2014,3.87,2.446,
2/4/2014,4.31,2.239,
2/5/2014,4.43,2.957,
2/6/2014,4.42,2.976,
2/7/2014,4.38,2.866,
2/8/2014,4.35,2.776,
2/9/2014,7.82,3.07,
2/10/2014,4.44,2.787,
2/11/2014,7.83,2.796,
2/12/2014,1.14,2.893,
2/13/2014,4.44,2.775,
2/14/2014,4.46,2.786,
2/15/2014,4.46,2.835,
2/16/2014,7.92,2.847,
2/17/2014,1.17,2.524,
2/18/2014,1.19,2.377,
2/19/2014,4.57,2.652,
2/20/2014,4.55,2.626,
2/21/2014,4.59,2.799,
2/22/2014,4.6,2.742,
2/23/2014,1.28,2.76,
2/24/2014,4.63,2.599,
2/25/2014,7.96,2.64,
2/26/2014,4.66,2.713,
2/27/2014,4.66,2.342,
2/28/2014,7.97,2.483,
3/1/2014,10.8,2.853,
3/2/2014,10.84,2.19,
3/3/2014,7.59,2.007,
3/4/2014,7.56,2.323,
3/5/2014,7.57,1.424,
3/6/2014,4.39,1.595,
3/7/2014,7.35,1.142,
3/8/2014,7.45,1.617,
3/9/2014,3.72,1.923,
3/10/2014,4.17,1.554,
3/11/2014,7.49,1.424,
3/12/2014,14.03,7.719,
3/13/2014,10.78,7.782,
3/14/2014,14.01,4.778,
3/15/2014,7.56,2.813,
3/16/2014,10.94,2.113,
3/17/2014,14.21,1.633,
3/18/2014,14.18,1.165,
3/19/2014,23.84,1.799,
3/20/2014,27.08,2.61,
3/21/2014,20.57,1.952,
3/22/2014,20.57,1.543,
3/23/2014,17.4,1.056,
3/24/2014,14.06,0.9112,
3/25/2014,14.18,3.161,
3/26/2014,20.62,15.24,
3/27/2014,17.43,29.08,
3/28/2014,17.38,17.9,
3/29/2014,30.2,30.75,
3/30/2014,36.66,27.54,
3/31/2014,26.95,12.86,
4/1/2014,27.58,4.329,
4/2/2014,21.58,2.568,
4/3/2014,25.8,7.56,
4/4/2014,24.41,4.877,
4/5/2014,17.97,2.527,
4/6/2014,21.25,1.253,
4/7/2014,11.51,0.9557,
4/8/2014,21.22,0.9308,
4/9/2014,11.49,1.008,
4/10/2014,17.99,0.8425,
4/11/2014,11.52,1.462,
4/12/2014,11.56,2.281,
4/13/2014,13.04,1.055,
4/14/2014,6.88,0.8733,
4/15/2014,8.38,0.8103,
4/16/2014,11.55,0.8137,
4/17/2014,8.44,3.035,
4/18/2014,10.74,2.372,
4/19/2014,11.25,1.473,
4/20/2014,4.87,1.23,
4/21/2014,8.06,0.9317,
4/22/2014,7.98,1.009,
4/23/2014,8,0.8417,
4/24/2014,4.84,0.8121,
4/25/2014,4.96,0.8214,
4/26/2014,8.01,1.318,
4/27/2014,4.8,2.569,
4/28/2014,14.44,22.6,
4/29/2014,17.52,40.38,
4/30/2014,84.5,28.63,
5/1/2014,59.28,8.996,
5/2/2014,37.02,1.393,
5/3/2014,27.37,0.8503,
5/4/2014,21.94,1.194,
5/5/2014,14.36,0.7802,
5/6/2014,19.23,0.7772,
5/7/2014,9.91,0.7659,
5/8/2014,11.43,0.7625,
5/9/2014,8.18,0.7614,
5/10/2014,11.33,0.7457,
5/11/2014,6.45,0.808,
5/12/2014,16.58,3.67,
5/13/2014,10.18,1.551,
5/14/2014,10.31,1.784,
5/15/2014,7.27,0.8376,
5/16/2014,7.26,0.7681,
5/17/2014,4.04,0.7607,
5/18/2014,8.6,0.7493,
5/19/2014,5,0.7444,
5/20/2014,4.97,1.441,
5/21/2014,1.83,0.9974,
5/22/2014,8.1,0.7145,
5/23/2014,8.13,1.375,
5/24/2014,2.06,0.7575,
5/25/2014,9.6,0.8679,
5/26/2014,4.3,4.492,
5/27/2014,6.08,0.8801,
5/28/2014,3.03,9.557,
5/29/2014,9.37,1.916,
5/30/2014,3.25,0.7073,
5/31/2014,6.36,0.6912,
6/1/2014,2.93,0.7619,
6/2/2014,2.7,1.7,
6/3/2014,6.25,11.02,
6/4/2014,6.39,4.21,
6/5/2014,9.59,1.971,
6/6/2014,3.73,0.7923,
6/7/2014,10.04,0.7397,
6/8/2014,7.06,1.248,
6/9/2014,1.42,0.9833,
6/10/2014,4.65,0.7875,
6/11/2014,4.92,1.022,
6/12/2014,7.98,1.155,
6/13/2014,5.52,3.372,
6/14/2014,2.43,1.374,
6/15/2014,5.57,0.8047,
6/16/2014,5.93,0.7394,
6/17/2014,3.27,0.7069,
6/18/2014,3.78,0.6741,
6/19/2014,1.05,0.675,
6/20/2014,4.78,0.7625,
6/21/2014,1.26,0.8537,
6/22/2014,7.54,1.633,
6/23/2014,7.68,64.99,
6/24/2014,18.65,66.35,
6/25/2014,26.59,58.76,
6/26/2014,26.81,38.72,
6/27/2014,19.5,19.72,
6/28/2014,15.71,6.943,
6/29/2014,6.06,1.712,
6/30/2014,6.23,18.44,
7/1/2014,9.1,13.45,
7/2/2014,11.87,4.942,
7/3/2014,19.71,30.22,
7/4/2014,14.67,17.27,
7/5/2014,19.95,6.554,
7/6/2014,11.58,2.78,
7/7/2014,11.24,0.7694,
7/8/2014,10.59,1.141,
7/9/2014,8.27,1.477,
7/10/2014,10.84,0.6316,
7/11/2014,3.75,0.5877,
7/12/2014,6.52,0.9355,
7/13/2014,5.83,0.6272,
7/14/2014,5.89,0.5806,
7/15/2014,5.19,1.326,
7/16/2014,2.95,0.6181,
7/17/2014,7.94,2.04,
7/18/2014,4.88,5.027,
7/19/2014,2.34,3.526,
7/20/2014,3.39,1.065,
7/21/2014,4.32,0.7254,
7/22/2014,5.87,0.647,
7/23/2014,4.56,0.8203,
7/24/2014,4.74,0.618,
7/25/2014,0.55,0.7118,
7/26/2014,2.99,0.6308,
7/27/2014,2.47,0.6029,
7/28/2014,1.95,0.5768,
7/29/2014,3.58,0.6063,
7/30/2014,1.66,0.5635,
7/31/2014,1.98,27.91,
8/1/2014,7.59,16.55,
8/2/2014,9.78,5.176,
8/3/2014,13.99,71.79,
8/4/2014,20.07,77.19,
8/5/2014,49.1,52.81,
8/6/2014,28.46,53.28,
8/7/2014,28.42,93.38,
8/8/2014,44.98,78.38,
8/9/2014,42.94,50.95,
8/10/2014,36.64,100,
8/11/2014,140.11,76.05,
8/12/2014,110.26,45.36,
8/13/2014,56.72,30.63,
8/14/2014,43.64,33.54,
8/15/2014,30.52,18.39,
8/16/2014,28.28,9.066,
8/17/2014,19.57,8.723,
8/18/2014,107.77,216.3,
8/19/2014,400.17,243,
8/20/2014,325.6,275.2,
8/21/2014,597.04,251.3,
8/22/2014,307.6,177.3,
8/23/2014,138.13,117.4,
8/24/2014,81.56,76.04,
8/25/2014,113.67,149,
8/26/2014,136.02,120.2,
8/27/2014,99.41,78.02,
8/28/2014,71.23,46.52,
8/29/2014,55.38,26.16,
8/30/2014,42.44,12.6,
8/31/2014,32.68,5.32,
9/1/2014,26.16,1.552,
9/2/2014,26.22,3.526,
9/3/2014,32.99,60.88,
9/4/2014,90.14,47.94,
9/5/2014,57.02,26.41,
9/6/2014,40.31,14.49,
9/7/2014,30.22,3.581,
9/8/2014,26.88,1.866,
9/9/2014,20.1,1.937,
9/10/2014,20.15,1.361,
9/11/2014,16.66,1.112,
9/12/2014,13.35,2.118,
9/13/2014,13.36,1.15,
9/14/2014,9.87,1.329,
9/15/2014,10.33,1.509,
9/16/2014,6.89,1.054,
9/17/2014,13.8,2.622,
9/18/2014,6.91,1.83,
9/19/2014,6.91,1.426,
9/20/2014,6.92,1.476,
9/21/2014,6.92,1.327,
9/22/2014,6.93,1.09,
9/23/2014,8.29,2.036,
9/24/2014,164.91,283.1,
9/25/2014,214.69,190.2,
9/26/2014,87.05,116.6,
9/27/2014,53.44,72.95,
9/28/2014,41.39,46,
9/29/2014,30.84,30.73,
9/30/2014,27.07,16.35,
10/1/2014,22.37,8.167,
10/2/2014,19.44,2.947,
10/3/2014,15.58,1.553,
10/4/2014,18.58,1.676,
10/5/2014,11.72,1.548,
10/6/2014,11.74,1.805,
10/7/2014,10.91,1.829,
10/8/2014,7.84,1.88,
10/9/2014,7.85,1.91,
10/10/2014,10.86,1.659,
10/11/2014,7.86,1.266,
10/12/2014,7.87,2.253,
10/13/2014,18.7,24.59,
10/14/2014,19.74,15.2,
10/15/2014,23.75,5.53,
10/16/2014,22.82,3.026,
10/17/2014,15.9,2.564,
10/18/2014,7.96,2.381,
10/19/2014,14.98,2.289,
10/20/2014,15.96,16.68,
10/21/2014,128.71,223.4,
10/22/2014,290.71,171.4,
10/23/2014,142.79,107.8,
10/24/2014,84.91,67.09,
10/25/2014,54.22,41.27,
10/26/2014,42.92,23.81,
10/27/2014,30.14,11.78,
10/28/2014,28.88,4.43,
10/29/2014,25.96,3.077,
10/30/2014,17.34,2.818,
10/31/2014,37.74,58.96,
11/1/2014,67.97,73.62,
11/2/2014,79.07,49.43,
11/3/2014,55.51,28.64,
11/4/2014,48.81,16.33,
11/5/2014,35.2,6.664,
11/6/2014,31.25,3.569,
11/7/2014,30.86,3.647,
11/8/2014,22.42,3.594,
11/9/2014,21.96,2.443,
11/10/2014,22.5,2.827,
11/11/2014,18.67,2.82,
11/12/2014,12.3,2.088,
11/13/2014,9,1.721,
11/14/2014,12.97,2.324,
11/15/2014,13.53,2.406,
11/16/2014,13.03,2.736,
11/17/2014,4.52,2.456,
11/18/2014,13.06,2.609,
11/19/2014,9.04,2.773,
11/20/2014,13.19,2.761,
11/21/2014,9.06,2.862,
11/22/2014,13.05,3.015,
11/23/2014,9.07,3.256,
11/24/2014,22.19,11.16,
11/25/2014,13.64,7.023,
11/26/2014,13.13,5.063,
11/27/2014,9.11,4.07,
11/28/2014,15.12,5.741,
11/29/2014,7.48,4.12,
11/30/2014,16.53,8.735,
12/1/2014,11.95,5.262,
12/2/2014,2.77,3.662,
12/3/2014,11.84,3.945,
12/4/2014,7.37,3.15,
12/5/2014,11.99,2.757,
12/6/2014,2.81,2.709,
12/7/2014,11.91,3.196,
12/8/2014,2.82,3.206,
12/9/2014,11.89,3.309,
12/10/2014,0.89,3.186,
12/11/2014,10.04,2.501,
12/12/2014,5.38,2.717,
12/13/2014,5.45,2.598,
12/14/2014,5.48,2.795,
12/15/2014,5.45,3.24,
12/16/2014,10.07,2.619,
12/17/2014,1.01,2.399,
12/18/2014,0.91,2.746,
12/19/2014,5.47,3.234,
12/20/2014,5.5,2.636,
12/21/2014,3.49,2.598,
12/22/2014,5.47,2.826,
12/23/2014,5.52,3.178,
12/24/2014,5.49,2.952,
12/25/2014,5.5,2.592,
12/26/2014,5.51,3.155,
12/27/2014,0.96,3.186,
12/28/2014,5.53,3.198,
12/29/2014,5.51,3.163,
12/30/2014,0.94,2.744,
12/31/2014,10.03,2.703,
1/1/2015,5.47,2.381,
1/2/2015,1.04,2.53,
1/3/2015,2.99,2.827,
1/4/2015,3.04,3.038,
1/5/2015,7.75,3.115,
1/6/2015,3.01,2.456,
1/7/2015,7.51,2.456,
1/8/2015,2.97,2.824,
1/9/2015,3.07,2.771,
1/10/2015,3.05,2.486,
1/11/2015,3.05,2.574,
1/12/2015,3.04,3.013,
1/13/2015,3.12,3.033,
1/14/2015,5.19,2.948,
1/15/2015,5.23,2.929,
1/16/2015,0.98,2.796,
1/17/2015,5.37,2.027,
1/18/2015,1.17,2.766,
1/19/2015,1.28,2.463,
1/20/2015,9.43,2.961,
1/21/2015,1.25,3.002,
1/22/2015,5.7,2.959,
1/23/2015,5.74,2.966,
1/24/2015,3.29,2.893,
1/25/2015,7.8,3.029,
1/26/2015,7.69,2.978,
1/27/2015,3.24,2.346,
1/28/2015,7.58,2.743,
1/29/2015,3.19,2.935,
1/30/2015,7.58,2.361,
1/31/2015,3.45,2.477,
2/1/2015,5.68,2.816,
2/2/2015,2.75,2.871,
2/3/2015,2.11,2.864,
2/4/2015,6.73,2.615,
2/5/2015,2.07,2.435,
2/6/2015,2.03,2.463,
2/7/2015,6.43,2.424,
2/8/2015,1.29,1.734,
2/9/2015,2.91,2.047,
2/10/2015,2.2,1.828,
2/11/2015,2.03,2.221,
2/12/2015,6.51,1.69,
2/13/2015,2.17,1.734,
2/14/2015,2.14,2.363,
2/15/2015,1.43,2.346,
2/16/2015,11.53,3.123,
2/17/2015,2.75,2.534,
2/18/2015,6.74,2.455,
2/19/2015,5.76,2.721,
2/20/2015,2.05,2.566,
2/21/2015,6.68,4.673,
2/22/2015,5.86,4.591,
2/23/2015,7.26,3.201,
2/24/2015,6.58,2.767,
2/25/2015,6.52,2.691,
2/26/2015,10.92,1.87,
2/27/2015,2.39,1.884,
2/28/2015,2.37,2.388,
3/1/2015,8.68,2.57,
3/2/2015,3.26,2.331,
3/3/2015,1.8,2.471,
3/4/2015,6.1,1.383,
3/5/2015,6.09,2.073,
3/6/2015,1.82,2.129,
3/7/2015,6.22,1.794,
3/8/2015,0.62,1.64,
3/9/2015,3.89,1.005,
3/10/2015,2.35,0.9758,
3/11/2015,2.43,0.9507,
3/12/2015,6.66,0.8533,
3/13/2015,2.61,1.559,
3/14/2015,2.65,1.618,
3/15/2015,4.97,1.307,
3/16/2015,4.65,1.346,
3/17/2015,2.71,1.415,
3/18/2015,19.3,26.02,
3/19/2015,23.21,24.63,
3/20/2015,27.16,14.08,
3/21/2015,22.97,3.533,
3/22/2015,9.2,1.257,
3/23/2015,17.25,1.005,
3/24/2015,15.2,1.434,
3/25/2015,11.24,1.493,
3/26/2015,7.29,1.021,
3/27/2015,6.61,0.8757,
3/28/2015,11.34,0.8203,
3/29/2015,3.69,0.8185,
3/30/2015,11.47,0.9664,
3/31/2015,6.88,2.678,
4/1/2015,6.97,2.716,
4/2/2015,10.83,2.468,
4/3/2015,10.88,1.831,
4/4/2015,14.76,3.801,
4/5/2015,20.34,5.142,
4/6/2015,20.92,4.202,
4/7/2015,22.7,2.676,
4/8/2015,18.13,2.337,
4/9/2015,18.18,1.487,
4/10/2015,14.37,1.174,
4/11/2015,14.32,0.8743,
4/12/2015,12.13,1.287,
4/13/2015,12.89,2.142,
4/14/2015,18.37,6.231,
4/15/2015,22.23,2.625,
4/16/2015,26.04,2.509,
4/17/2015,25.93,1.154,
4/18/2015,22.37,1.592,
4/19/2015,23.84,17.76,
4/20/2015,51.14,27.42,
4/21/2015,66.67,12.64,
4/22/2015,58.99,3.269,
4/23/2015,39.88,1.295,
4/24/2015,36.07,0.8808,
4/25/2015,28.15,0.817,
4/26/2015,19.46,0.7721,
4/27/2015,17.96,0.7505,
4/28/2015,16.8,1.105,
4/29/2015,16.85,1.905,
4/30/2015,13.03,1.145,
5/1/2015,15.48,0.781,
5/2/2015,7.84,0.7451,
5/3/2015,14.36,2.543,
5/4/2015,9.04,0.8176,
5/5/2015,10.75,0.768,
5/6/2015,5.41,1.137,
5/7/2015,4.32,0.7465,
5/8/2015,8.06,0.741,
5/9/2015,8.13,0.7258,
5/10/2015,3.11,0.7228,
5/11/2015,6.26,1.817,
5/12/2015,16.33,3.836,
5/13/2015,5.72,1.23,
5/14/2015,9.33,1.227,
5/15/2015,9.2,1.772,
5/16/2015,9.26,0.7793,
5/17/2015,4.34,0.7422,
5/18/2015,7.26,1.37,
5/19/2015,5.93,0.7215,
5/20/2015,6.07,0.6998,
5/21/2015,2.48,0.6902,
5/22/2015,6.01,0.6669,
5/23/2015,6.06,0.6825,
5/24/2015,2.53,0.6895,
5/25/2015,6.17,0.684,
5/26/2015,2.75,0.6707,
5/27/2015,2.72,0.6778,
5/28/2015,3,0.6804,
5/29/2015,0.23,0.6758,
5/30/2015,3.05,1.336,
5/31/2015,3.03,0.695,
6/1/2015,0.69,0.6739,
6/2/2015,4.38,0.6806,
6/3/2015,7.46,0.6373,
6/4/2015,1.28,0.6565,
6/5/2015,4.79,1.917,
6/6/2015,1.85,0.888,
6/7/2015,0.1,0.6811,
6/8/2015,0.45,1.203,
6/9/2015,2.26,0.6716,
6/10/2015,2.46,0.6439,
6/11/2015,1.3,1.051,
6/12/2015,1.6,0.6298,
6/13/2015,1.74,1.143,
6/14/2015,0.3,0.8409,
6/15/2015,1.01,0.7021,
6/16/2015,2.67,0.6681,
6/17/2015,2.87,0.6546,
6/18/2015,3.38,0.6439,
6/19/2015,0.32,0.6376,
6/20/2015,6.82,20.61,
6/21/2015,5.36,7.325,
6/22/2015,12.49,19.51,
6/23/2015,2.22,7.442,
6/24/2015,2.86,3.07,
6/25/2015,5.84,4.188,
6/26/2015,33.42,76.01,
6/27/2015,26.96,55.08,
6/28/2015,21.09,30.02,
6/29/2015,15.06,12.44,
6/30/2015,9.34,6.106,
7/1/2015,8.22,1.502,
7/2/2015,5.51,0.8154,
7/3/2015,2.42,0.7065,
7/4/2015,6.2,0.6532,
7/5/2015,3.2,0.6297,
7/6/2015,3.4,0.6218,
7/7/2015,6.44,8.423,
7/8/2015,34.81,68.5,
7/9/2015,25.96,54.09,
7/10/2015,23.07,25.96,
7/11/2015,20.23,9.434,
7/12/2015,20.17,49.94,
7/13/2015,26.13,45.6,
7/14/2015,55.36,23.47,
7/15/2015,37.84,7.513,
7/16/2015,20.17,1.017,
7/17/2015,20.09,1.285,
7/18/2015,11.33,0.9244,
7/19/2015,8.46,0.6663,
7/20/2015,11.5,1.556,
7/21/2015,8.56,2.562,
7/22/2015,6.57,1.361,
7/23/2015,8.23,1.483,
7/24/2015,8.22,10.59,
7/25/2015,14,2.895,
7/26/2015,22.66,0.6611,
7/27/2015,16.86,0.6453,
7/28/2015,13.27,0.6171,
7/29/2015,16.1,5.937,
7/30/2015,10.35,2.165,
7/31/2015,7.47,0.8785,
8/1/2015,10.36,7.867,
8/2/2015,4.63,5.106,
8/3/2015,4.67,2.031,
8/4/2015,4.75,0.9073,
8/5/2015,4.65,0.7454,
8/6/2015,1.96,0.6685,
8/7/2015,4.8,0.6253,
8/8/2015,21.59,40.41,
8/9/2015,7.66,19.8,
8/10/2015,13.36,9.024,
8/11/2015,7.67,5.675,
8/12/2015,5.69,3.547,
8/13/2015,5.81,12.19,
8/14/2015,5.83,28.23,
8/15/2015,22.64,16.67,
8/16/2015,11.38,13.81,
8/17/2015,8.53,3.135,
8/18/2015,7.64,0.9921,
8/19/2015,4.81,1.576,
8/20/2015,4.79,1.948,
8/21/2015,6.59,2.053,
8/22/2015,6.58,1.327,
8/23/2015,3.83,1.656,
8/24/2015,2.84,1.641,
8/25/2015,14.77,115.8,
8/26/2015,138.88,86.34,
8/27/2015,70.57,48.04,
8/28/2015,33.72,27.34,
8/29/2015,25.21,12.38,
8/30/2015,19.41,5.849,
8/31/2015,13.63,1.153,
9/1/2015,11.99,1.262,
9/2/2015,14.91,1.907,
9/3/2015,7.12,1.022,
9/4/2015,9.99,0.751,
9/5/2015,7.1,2.837,
9/6/2015,8.02,7.125,
9/7/2015,7.99,1.332,
9/8/2015,10.84,0.7521,
9/9/2015,10.92,0.7199,
9/10/2015,5.05,0.7047,
9/11/2015,5.8,0.8198,
9/12/2015,8.92,1.903,
9/13/2015,8.9,0.8136,
9/14/2015,3.17,0.7604,
9/15/2015,5.09,0.6744,
9/16/2015,4.32,0.6809,
9/17/2015,5.13,1.479,
9/18/2015,2.17,0.7183,
9/19/2015,2.17,0.7415,
9/20/2015,5.15,0.8848,
9/21/2015,2.18,0.731,
9/22/2015,5.16,0.6642,
9/23/2015,2.24,1.554,
9/24/2015,2.23,1.352,
9/25/2015,2.23,1.133,
9/26/2015,5.15,1.263,
9/27/2015,2.16,0.8094,
9/28/2015,2.27,0.6612,
9/29/2015,2.3,0.6428,
9/30/2015,0.33,0.9043,
10/1/2015,8.85,34.61,
10/2/2015,3.11,16.39,
10/3/2015,11.7,4.198,
10/4/2015,8.85,1.528,
10/5/2015,0.24,1.011,
10/6/2015,5.97,0.9297,
10/7/2015,3.1,0.8684,
10/8/2015,3.13,0.6821,
10/9/2015,0.31,0.6435,
10/10/2015,3.06,0.8394,
10/11/2015,3.2,1.256,
10/12/2015,0.26,0.6772,
10/13/2015,3.16,0.7055,
10/14/2015,3.19,0.8001,
10/15/2015,3.16,0.8824,
10/16/2015,3.14,0.8136,
10/17/2015,3.15,0.9747,
10/18/2015,0.31,0.8922,
10/19/2015,3.15,0.9481,
10/20/2015,3.13,0.8918,
10/21/2015,0.32,1.049,
10/22/2015,3.1,0.825,
10/23/2015,0.37,1.03,
10/24/2015,3.28,0.9297,
10/25/2015,3.16,0.6278,
10/26/2015,0.32,0.8442,
10/27/2015,6,5.659,
10/28/2015,0.34,2.753,
10/29/2015,3.16,1.506,
10/30/2015,1.26,0.9343,
10/31/2015,1.22,1.133,
11/1/2015,1.27,1.613,
11/2/2015,1.27,0.8109,
11/3/2015,1.29,1.129,
11/4/2015,4.14,1.061,
11/5/2015,1.29,1.057,
11/6/2015,1.32,0.8702,
11/7/2015,4.09,13.26,
11/8/2015,9.77,28.25,
11/9/2015,10.61,24.86,
11/10/2015,16.2,12.26,
11/11/2015,16.28,3.681,
11/12/2015,10.62,2.341,
11/13/2015,16.33,24.31,
11/14/2015,12.4,20.85,
11/15/2015,21.01,9.743,
11/16/2015,26.85,28.03,
11/17/2015,21.19,18.58,
11/18/2015,21.23,21.92,
11/19/2015,18.42,13.01,
11/20/2015,27.21,3.313,
11/21/2015,21.48,2.509,
11/22/2015,21.49,1.78,
11/23/2015,18.58,9.696,
11/24/2015,15.74,3.771,
11/25/2015,18.72,4.078,
11/26/2015,12.82,2.109,
11/27/2015,12.89,1.455,
11/28/2015,12.94,1.684,
11/29/2015,9.88,1.55,
11/30/2015,9.91,1.053,
12/1/2015,9.92,1.293,
12/2/2015,6.95,2.223,
12/3/2015,9.95,1.43,
12/4/2015,7,0.821,
12/5/2015,10.02,0.7753,
12/6/2015,6.95,1.364,
12/7/2015,3.98,1.206,
12/8/2015,7,1.627,
12/9/2015,7.02,1.621,
12/10/2015,10.01,4.287,
12/11/2015,10.03,4.147,
12/12/2015,7.04,2.615,
12/13/2015,10.07,1.939,
12/14/2015,7.04,3.181,
12/15/2015,10.06,2.459,
12/16/2015,10.09,1.342,
12/17/2015,4.06,1.112,
12/18/2015,7.06,1.27,
12/19/2015,7.06,1.368,
12/20/2015,7.05,1.518,
12/21/2015,7.04,1.496,
12/22/2015,7.1,1.464,
12/23/2015,7.07,1.511,
12/24/2015,7.11,1.289,
12/25/2015,4.03,0.6875,
12/26/2015,4.04,0.7992,
12/27/2015,7.08,0.662,
12/28/2015,4.06,0.6117,
12/29/2015,0.99,0.8948,
12/30/2015,4.04,1.08,
12/31/2015,0.99,1.087,
